Project ID,Building,Building ID,Level,GIA,Area,Actual start,Actual end,Actual duration,Worker-hours,Actual production rate,Labour productivity,Number of workers,Avg number of workers,Worker density,Cycle time,Planned start,Planned end,Planned duration,Planned production rate,Planned cycle time,Crane Asitha,Cranes,Pours,Batch area,Labour Issues,Level of Offsite Construction,Location and Logistical Issues,Supply Chain Issues,Design Complexity,Design Delays,Core,Columns,Beams,Slabs Asitha,Slabs,Frame
1,Forge A,A,1,1575,4. Between 1500 and 2000 m2,11/01/2021,08/03/2021,42,1875,38,0.84,5,1. Between 5 an 10,315,34,16/09/2020,04/11/2020,36,44,21,1.0,1.0,2,788,2,2,,2,2,2,Twinwalls,Steel,Secondary composite,In-situ,In-situ,2. Vertical (off-site) and Slabs (in-situ)
1,Forge A,A,2,1575,4. Between 1500 and 2000 m2,25/02/2021,29/04/2021,45,2657,35,0.59,6,1. Between 5 an 10,263,38,15/10/2020,18/11/2020,25,63,13,1.0,1.0,2,788,2,2,,2,2,2,Twinwalls,Steel,Secondary composite,In-situ,In-situ,2. Vertical (off-site) and Slabs (in-situ)
1,Forge A,A,3,1575,4. Between 1500 and 2000 m2,21/04/2021,03/06/2021,33,1925,48,0.82,6,1. Between 5 an 10,263,27,03/11/2020,08/12/2020,26,61,16,1.0,1.0,2,788,2,2,,2,2,2,Twinwalls,Steel,Secondary composite,In-situ,In-situ,2. Vertical (off-site) and Slabs (in-situ)
1,Forge A,A,4,1575,4. Between 1500 and 2000 m2,27/05/2021,12/07/2021,36,2689,44,0.59,7,1. Between 5 an 10,225,28,25/11/2020,12/01/2021,25,63,16,1.0,1.0,2,788,2,2,,2,2,2,Twinwalls,Steel,Secondary composite,In-situ,In-situ,2. Vertical (off-site) and Slabs (in-situ)
1,Forge A,A,5,1077,3. Between 1000 and 1500 m2,02/07/2021,09/08/2021,30,2850,36,0.38,9,1. Between 5 an 10,120,23,17/12/2020,27/01/2021,20,54,11,1.0,1.0,2,539,2,2,,2,2,2,Twinwalls,Steel,Secondary composite,In-situ,In-situ,2. Vertical (off-site) and Slabs (in-situ)
1,Forge A,A,6,1077,3. Between 1000 and 1500 m2,31/07/2021,03/09/2021,26,2502,41,0.43,10,1. Between 5 an 10,108,21,15/01/2021,08/02/2021,17,63,11,1.0,1.0,2,539,2,2,,2,2,2,Twinwalls,Steel,Secondary composite,In-situ,In-situ,2. Vertical (off-site) and Slabs (in-situ)
1,Forge A,A,7,1077,3. Between 1000 and 1500 m2,27/08/2021,24/09/2021,22,2493,50,0.43,12,2. Between 11 and 15,90,19,01/02/2021,22/02/2021,16,67,11,0.5,1.0,2,539,2,2,,2,2,2,Twinwalls,Steel,Secondary composite,In-situ,In-situ,2. Vertical (off-site) and Slabs (in-situ)
1,Forge A,A,8,807,2. Between 500 and 1000 m2,22/09/2021,20/10/2021,23,2723,35,0.30,12,2. Between 11 and 15,67,18,16/02/2021,31/03/2021,32,25,11,0.5,1.0,2,404,2,2,,2,2,2,Twinwalls,Steel,Secondary composite,In-situ,In-situ,2. Vertical (off-site) and Slabs (in-situ)
1,Forge A,A,9,807,2. Between 500 and 1000 m2,14/10/2021,29/11/2021,37,5025,22,0.16,14,2. Between 11 and 15,58,35,03/03/2021,08/04/2021,25,32,,0.5,1.0,2,404,2,2,,2,2,2,Twinwalls,Steel,Secondary composite,In-situ,In-situ,2. Vertical (off-site) and Slabs (in-situ)
1,Forge B,B,1,1100,3. Between 1000 and 1500 m2,29/01/2021,14/05/2021,75,5012,15,0.22,7,1. Between 5 an 10,157,75,10/08/2020,09/10/2020,44,25,44,1.0,1.0,1,1100,2,2,,2,2,2,Twinwalls,Steel,Secondary composite,In-situ,In-situ,2. Vertical (off-site) and Slabs (in-situ)
1,Forge B,B,2,680,2. Between 500 and 1000 m2,15/05/2021,17/06/2021,26,1952,26,0.35,8,1. Between 5 an 10,85,24,12/10/2020,29/10/2020,14,49,14,1.0,1.0,1,680,2,2,,2,2,2,Twinwalls,Steel,Secondary composite,In-situ,In-situ,2. Vertical (off-site) and Slabs (in-situ)
1,Forge B,B,3,680,2. Between 500 and 1000 m2,16/06/2021,15/07/2021,24,2490,28,0.27,10,1. Between 5 an 10,68,24,30/10/2020,18/11/2020,14,49,14,1.0,1.0,1,680,2,2,,2,2,2,Twinwalls,Steel,Secondary composite,In-situ,In-situ,2. Vertical (off-site) and Slabs (in-situ)
1,Forge B,B,4,680,2. Between 500 and 1000 m2,16/07/2021,17/08/2021,26,3219,26,0.21,12,2. Between 11 and 15,57,26,19/11/2020,08/12/2020,14,49,14,1.0,1.0,1,680,2,2,,2,2,2,Twinwalls,Steel,Secondary composite,In-situ,In-situ,2. Vertical (off-site) and Slabs (in-situ)
1,Forge B,B,5,680,2. Between 500 and 1000 m2,18/08/2021,13/09/2021,20,2589,35,0.26,13,2. Between 11 and 15,52,20,09/12/2020,11/01/2021,14,49,14,1.0,1.0,1,680,2,2,,2,2,2,Twinwalls,Steel,Secondary composite,In-situ,In-situ,2. Vertical (off-site) and Slabs (in-situ)
1,Forge B,B,6,680,2. Between 500 and 1000 m2,14/09/2021,06/10/2021,19,2728,36,0.25,15,2. Between 11 and 15,45,19,12/01/2021,29/01/2021,14,49,14,1.0,1.0,1,680,2,2,,2,2,2,Twinwalls,Steel,Secondary composite,In-situ,In-situ,2. Vertical (off-site) and Slabs (in-situ)
1,Forge B,B,7,592,2. Between 500 and 1000 m2,07/10/2021,01/11/2021,20,2893,29,0.20,14,2. Between 11 and 15,42,20,30/01/2021,18/02/2021,14,42,14,0.5,1.0,1,592,2,2,,2,2,2,Twinwalls,Steel,Secondary composite,In-situ,In-situ,2. Vertical (off-site) and Slabs (in-situ)
1,Forge B,B,8,592,2. Between 500 and 1000 m2,02/11/2021,02/12/2021,25,4161,23,0.14,16,3. Between 16 and 20,37,25,19/02/2021,10/03/2021,14,42,14,0.5,1.0,1,592,2,2,,2,2,2,Twinwalls,Steel,Secondary composite,In-situ,In-situ,2. Vertical (off-site) and Slabs (in-situ)
1,Forge B,B,9,444,1. Less than 500 m2,03/12/2021,23/12/2021,17,3975,27,0.11,24,4. Between 21 and 25,19,17,11/03/2021,30/03/2021,14,32,,0.5,1.0,1,444,2,2,,2,2,2,Twinwalls,Steel,Secondary composite,In-situ,In-situ,2. Vertical (off-site) and Slabs (in-situ)
2,Blossom S1,C,1,1104,3. Between 1000 and 1500 m2,04/01/2021,26/02/2021,46,11632,24,0.09,25,4. Between 21 and 25,44,19,07/10/2020,29/10/2020,17,65,9,2.0,1.0,3,368,,0,2,,0,,In-situ,In-situ,In-situ,In-situ (post-tentioned),In-situ,1. Vertical (in-situ) and Slabs (in-situ)
2,Blossom S1,C,2,1143,3. Between 1000 and 1500 m2,26/01/2021,12/03/2021,38,7018,30,0.16,19,3. Between 16 and 20,60,32,20/10/2020,12/11/2020,18,64,9,2.0,1.0,3,381,,0,2,,0,,In-situ,In-situ,In-situ,In-situ (post-tentioned),In-situ,1. Vertical (in-situ) and Slabs (in-situ)
2,Blossom S1,C,3,1141,3. Between 1000 and 1500 m2,06/03/2021,07/04/2021,23,5760,49,0.20,25,4. Between 21 and 25,46,11,02/11/2020,26/11/2020,19,60,9,2.0,1.0,3,380,,0,2,,0,,In-situ,In-situ,In-situ,In-situ (post-tentioned),In-situ,1. Vertical (in-situ) and Slabs (in-situ)
2,Blossom S1,C,4,1084,3. Between 1000 and 1500 m2,20/03/2021,19/04/2021,21,5139,51,0.21,24,4. Between 21 and 25,45,10,13/11/2020,16/12/2020,24,45,16,2.0,1.0,3,361,,0,2,,0,,In-situ,In-situ,In-situ,In-situ (post-tentioned),In-situ,1. Vertical (in-situ) and Slabs (in-situ)
2,Blossom S1,C,5,1099,3. Between 1000 and 1500 m2,02/04/2021,06/05/2021,24,4807,45,0.23,20,3. Between 16 and 20,55,15,07/12/2020,13/01/2021,18,61,9,2.0,1.0,3,366,,0,1,,0,,In-situ,In-situ,In-situ,In-situ (post-tentioned),In-situ,1. Vertical (in-situ) and Slabs (in-situ)
2,Blossom S1,C,6,1011,3. Between 1000 and 1500 m2,24/04/2021,20/05/2021,20,4833,50,0.21,24,4. Between 21 and 25,42,14,18/12/2020,26/01/2021,18,56,9,2.0,1.0,3,337,,0,1,,0,,In-situ,In-situ,In-situ,In-situ (post-tentioned),In-situ,1. Vertical (in-situ) and Slabs (in-situ)
2,Blossom S1,C,7,982,2. Between 500 and 1000 m2,13/05/2021,19/06/2021,30,6030,33,0.16,20,3. Between 16 and 20,49,12,14/01/2021,08/02/2021,18,55,9,2.0,1.0,3,327,,0,1,,0,,In-situ,In-situ,In-situ,In-situ (post-tentioned),In-situ,1. Vertical (in-situ) and Slabs (in-situ)
2,Blossom S1,C,8,898,2. Between 500 and 1000 m2,28/05/2021,07/07/2021,32,4382,28,0.20,14,2. Between 11 and 15,64,10,27/01/2021,19/02/2021,18,50,11,2.0,1.0,3,299,,0,1,,0,,In-situ,In-situ,In-situ,In-situ (post-tentioned),In-situ,1. Vertical (in-situ) and Slabs (in-situ)
2,Blossom S1,C,9,860,2. Between 500 and 1000 m2,10/06/2021,16/07/2021,30,3734,29,0.23,13,2. Between 11 and 15,66,14,11/02/2021,03/03/2021,15,57,9,2.0,1.0,3,287,,0,1,,0,,In-situ,In-situ,In-situ,In-situ (post-tentioned),In-situ,1. Vertical (in-situ) and Slabs (in-situ)
2,Blossom S1,C,10,833,2. Between 500 and 1000 m2,27/06/2021,18/08/2021,42,7735,20,0.11,18,3. Between 16 and 20,46,28,24/02/2021,15/03/2021,14,60,,2.0,1.0,3,278,,0,1,,0,,In-situ,In-situ,In-situ,In-situ (post-tentioned),In-situ,1. Vertical (in-situ) and Slabs (in-situ)
3,Kings Cross S4,D,1,1909,4. Between 1500 and 2000 m2,11/04/2022,01/06/2022,43,8474,45,0.23,20,3. Between 16 and 20,95,27,,,,,,3.0,2.0,5,382,1,2,0,1,1,1,Twinwalls,Precast,In-situ (flat slab/part of slab pour),Lattice,Lattice,3. Vertical (off-site) and Slabs (lattice)
3,Kings Cross S4,D,2,1667,4. Between 1500 and 2000 m2,13/05/2022,16/06/2022,26,6773,65,0.25,27,5. Between 26 and 30,62,20,,,,,,3.0,2.0,4,417,1,2,0,1,1,1,Twinwalls,Precast,In-situ (flat slab/part of slab pour),Lattice,Lattice,3. Vertical (off-site) and Slabs (lattice)
3,Kings Cross S4,D,3,1662,4. Between 1500 and 2000 m2,10/06/2022,01/07/2022,18,4990,95,0.33,29,5. Between 26 and 30,57,10,,,,,,3.0,2.0,4,416,1,2,0,1,1,1,Twinwalls,Precast,In-situ (flat slab/part of slab pour),Lattice,Lattice,3. Vertical (off-site) and Slabs (lattice)
3,Kings Cross S4,D,4,1662,4. Between 1500 and 2000 m2,23/06/2022,13/07/2022,17,4170,101,0.40,25,4. Between 21 and 25,66,9,,,,,,3.0,2.0,4,416,1,2,0,1,1,1,Twinwalls,Precast,In-situ (flat slab/part of slab pour),Lattice,Lattice,3. Vertical (off-site) and Slabs (lattice)
3,Kings Cross S4,D,5,1662,4. Between 1500 and 2000 m2,05/07/2022,27/07/2022,19,4310,90,0.39,23,4. Between 21 and 25,72,9,,,,,,3.0,2.0,4,416,1,2,0,1,1,1,Twinwalls,Precast,In-situ (flat slab/part of slab pour),Lattice,Lattice,3. Vertical (off-site) and Slabs (lattice)
3,Kings Cross S4,D,6,1662,4. Between 1500 and 2000 m2,15/07/2022,09/08/2022,21,4672,81,0.36,23,4. Between 21 and 25,72,12,,,,,,3.0,2.0,4,416,1,2,0,1,1,1,Twinwalls,Precast,In-situ (flat slab/part of slab pour),Lattice,Lattice,3. Vertical (off-site) and Slabs (lattice)
3,Kings Cross S4,D,7,1662,4. Between 1500 and 2000 m2,30/07/2022,22/08/2022,20,4520,85,0.37,23,4. Between 21 and 25,72,12,,,,,,2.5,2.0,4,416,1,2,0,1,1,1,Twinwalls,Precast,In-situ (flat slab/part of slab pour),Lattice,Lattice,3. Vertical (off-site) and Slabs (lattice)
3,Kings Cross S4,D,8,1662,4. Between 1500 and 2000 m2,13/08/2022,05/09/2022,18,4167,92,0.40,23,4. Between 21 and 25,72,11,,,,,,2.5,2.0,4,416,1,2,0,1,1,1,Twinwalls,Precast,In-situ (flat slab/part of slab pour),Lattice,Lattice,3. Vertical (off-site) and Slabs (lattice)
3,Kings Cross S4,D,9,1662,4. Between 1500 and 2000 m2,26/08/2022,29/09/2022,26,5888,65,0.28,23,4. Between 21 and 25,72,10,,,,,,2.5,2.0,4,416,1,2,0,1,1,1,Twinwalls,Precast,In-situ (flat slab/part of slab pour),Lattice,Lattice,3. Vertical (off-site) and Slabs (lattice)
3,Kings Cross S4,D,10,1035,3. Between 1000 and 1500 m2,09/09/2022,06/10/2022,21,4534,49,0.23,22,4. Between 21 and 25,47,10,,,,,,2.5,2.0,3,345,1,2,0,1,1,1,Twinwalls,Precast,In-situ (flat slab/part of slab pour),Lattice,Lattice,3. Vertical (off-site) and Slabs (lattice)
3,Kings Cross S4,D,11,964,2. Between 500 and 1000 m2,23/09/2022,13/10/2022,17,3793,57,0.25,22,4. Between 21 and 25,44,12,,,,,,2.5,2.0,3,321,1,2,0,1,1,1,Twinwalls,Precast,In-situ (flat slab/part of slab pour),Lattice,Lattice,3. Vertical (off-site) and Slabs (lattice)
3,Kings Cross S4,D,12,965,2. Between 500 and 1000 m2,08/10/2022,04/11/2022,24,7189,41,0.13,31,6. Between 31 and 35,31,15,,,,,,2.5,2.0,3,322,1,2,0,1,1,1,Twinwalls,Precast,In-situ (flat slab/part of slab pour),Lattice,Lattice,3. Vertical (off-site) and Slabs (lattice)
4,TVC - D,E,1,1614,4. Between 1500 and 2000 m2,22/09/2021,12/11/2021,43,10365,38,0.16,24,4. Between 21 and 25,67,24,18/09/2020,02/11/2020,32,50,9,2.0,2.0,3,538,1,1,1,2,0,1,Twinwalls,Precast,In-situ,In-situ (post-tentioned),In-situ,2. Vertical (off-site) and Slabs (in-situ)
4,TVC - D,E,2,1663,4. Between 1500 and 2000 m2,22/10/2021,26/11/2021,30,8408,55,0.20,28,5. Between 26 and 30,59,23,01/10/2020,24/11/2020,39,43,14,2.0,2.0,3,554,1,1,1,2,0,1,Twinwalls,Precast,In-situ,In-situ (post-tentioned),In-situ,2. Vertical (off-site) and Slabs (in-situ)
4,TVC - D,E,3,1626,4. Between 1500 and 2000 m2,19/11/2021,14/12/2021,21,6990,79,0.23,34,6. Between 31 and 35,48,13,21/10/2020,08/12/2020,35,46,10,2.0,2.0,3,542,1,1,1,2,0,1,Twinwalls,Precast,In-situ,In-situ (post-tentioned),In-situ,2. Vertical (off-site) and Slabs (in-situ)
4,TVC - D,E,4,1652,4. Between 1500 and 2000 m2,05/12/2021,20/01/2022,30,7631,55,0.22,25,4. Between 21 and 25,66,22,04/11/2020,05/01/2021,35,47,12,0.8,2.0,3,551,1,1,1,2,0,1,Twinwalls,Precast,In-situ,In-situ (post-tentioned),In-situ,2. Vertical (off-site) and Slabs (in-situ)
4,TVC - D,E,5,1555,4. Between 1500 and 2000 m2,11/01/2022,08/02/2022,23,6981,68,0.22,30,5. Between 26 and 30,52,14,20/11/2020,21/01/2021,35,44,12,0.8,2.0,3,518,1,1,1,2,0,1,Twinwalls,Precast,In-situ,In-situ (post-tentioned),In-situ,2. Vertical (off-site) and Slabs (in-situ)
4,TVC - D,E,6,1480,3. Between 1000 and 1500 m2,28/01/2022,26/02/2022,24,7353,62,0.20,31,6. Between 31 and 35,48,15,08/12/2020,08/02/2021,35,42,11,0.6,2.0,3,493,1,1,1,2,0,1,Twinwalls,Precast,In-situ,In-situ (post-tentioned),In-situ,2. Vertical (off-site) and Slabs (in-situ)
4,TVC - D,E,7,1598,4. Between 1500 and 2000 m2,16/02/2022,21/03/2022,28,8315,58,0.19,30,5. Between 26 and 30,53,17,06/01/2021,25/02/2021,37,43,17,0.6,2.0,3,533,1,1,1,2,0,2,Twinwalls,Precast,In-situ,In-situ (post-tentioned),In-situ,2. Vertical (off-site) and Slabs (in-situ)
4,TVC - D,E,8,895,2. Between 500 and 1000 m2,08/03/2022,01/04/2022,21,6503,44,0.14,32,6. Between 31 and 35,28,16,29/01/2021,11/03/2021,30,30,12,0.8,2.0,2,448,1,1,1,2,0,1,Twinwalls,Precast,In-situ,In-situ (post-tentioned),In-situ,2. Vertical (off-site) and Slabs (in-situ)
4,TVC - D,E,9,886,2. Between 500 and 1000 m2,27/03/2022,25/04/2022,22,6782,41,0.13,32,6. Between 31 and 35,28,13,16/02/2021,25/03/2021,28,32,12,0.8,2.0,2,443,1,1,1,2,0,1,Twinwalls,Precast,In-situ,In-situ (post-tentioned),In-situ,2. Vertical (off-site) and Slabs (in-situ)
4,TVC - D,E,10,727,2. Between 500 and 1000 m2,12/04/2022,13/05/2022,23,7975,32,0.09,35,6. Between 31 and 35,21,19,04/03/2021,09/04/2021,25,29,,0.8,2.0,2,364,1,1,1,2,0,1,Twinwalls,Precast,In-situ,In-situ (post-tentioned),In-situ,2. Vertical (off-site) and Slabs (in-situ)
5,Kings Cross S5 East,F,1,641,2. Between 500 and 1000 m2,20/03/2021,01/06/2021,53,8186,12,0.08,15,2. Between 11 and 15,43,40,01/04/2021,28/04/2021,18,36,18,1.6,1.5,3,214,2,2,2,2,1,2,Twinwalls,Precast,Delta Beams (Steel),Hollow core and lattice,Hollow core and lattice,3. Vertical (off-site) and Slabs (lattice)
5,Kings Cross S5 East,F,2,639,2. Between 500 and 1000 m2,14/05/2021,11/06/2021,22,4607,29,0.14,21,4. Between 21 and 25,30,17,29/04/2021,10/05/2021,7,91,7,1.6,1.5,3,213,2,2,2,2,1,2,Twinwalls,Precast,Delta Beams (Steel),Hollow core and lattice,Hollow core and lattice,3. Vertical (off-site) and Slabs (lattice)
5,Kings Cross S5 East,F,3,650,2. Between 500 and 1000 m2,06/06/2021,22/06/2021,14,2598,48,0.25,19,3. Between 16 and 20,34,9,11/05/2021,20/05/2021,8,81,8,1.6,1.5,3,217,2,2,2,2,1,2,Twinwalls,Precast,Delta Beams (Steel),Hollow core and lattice,Hollow core and lattice,3. Vertical (off-site) and Slabs (lattice)
5,Kings Cross S5 East,F,4,580,2. Between 500 and 1000 m2,17/06/2021,01/07/2021,12,1083,48,0.54,9,1. Between 5 an 10,64,8,21/05/2021,01/06/2021,7,83,7,1.6,1.5,3,193,2,2,2,2,1,2,Twinwalls,Precast,Delta Beams (Steel),Hollow core and lattice,Hollow core and lattice,3. Vertical (off-site) and Slabs (lattice)
5,Kings Cross S5 East,F,5,585,2. Between 500 and 1000 m2,26/06/2021,14/07/2021,15,1661,39,0.35,11,2. Between 11 and 15,53,13,02/06/2021,10/06/2021,7,84,6,1.6,1.5,3,195,2,2,2,2,1,2,Twinwalls,Precast,Delta Beams (Steel),Hollow core and lattice,Hollow core and lattice,3. Vertical (off-site) and Slabs (lattice)
5,Kings Cross S5 East,F,6,585,2. Between 500 and 1000 m2,13/07/2021,26/07/2021,11,1118,53,0.52,10,1. Between 5 an 10,59,10,10/06/2021,22/06/2021,9,65,9,1.6,1.5,2,293,2,2,2,2,1,2,Twinwalls,Precast,Delta Beams (Steel),Hollow core and lattice,Hollow core and lattice,3. Vertical (off-site) and Slabs (lattice)
5,Kings Cross S5 East,F,7,582,2. Between 500 and 1000 m2,24/07/2021,08/09/2021,22,2692,26,0.22,12,2. Between 11 and 15,49,22,05/08/2021,23/08/2021,13,45,13,1.3,1.5,1,582,2,2,2,2,1,2,Twinwalls,Precast,Delta Beams (Steel),Hollow core and lattice,Hollow core and lattice,3. Vertical (off-site) and Slabs (lattice)
5,Kings Cross S5 East,F,8,584,2. Between 500 and 1000 m2,09/09/2021,04/10/2021,21,2917,28,0.20,14,2. Between 11 and 15,42,21,24/08/2021,09/09/2021,12,49,12,1.3,1.5,1,584,2,2,2,2,1,2,Twinwalls,Precast,Delta Beams (Steel),Hollow core and lattice,Hollow core and lattice,3. Vertical (off-site) and Slabs (lattice)
5,Kings Cross S5 East,F,9,582,2. Between 500 and 1000 m2,05/10/2021,15/10/2021,10,1294,61,0.45,14,2. Between 11 and 15,42,10,10/09/2021,27/09/2021,12,48,12,1.3,1.5,1,582,2,2,2,2,1,2,Twinwalls,Precast,Delta Beams (Steel),Hollow core and lattice,Hollow core and lattice,3. Vertical (off-site) and Slabs (lattice)
5,Kings Cross S5 East,F,10,570,2. Between 500 and 1000 m2,16/10/2021,01/11/2021,13,1900,46,0.30,15,2. Between 11 and 15,38,11,28/09/2021,14/10/2021,13,44,13,1.3,1.5,1,570,2,2,2,2,1,2,Twinwalls,Precast,Delta Beams (Steel),Hollow core and lattice,Hollow core and lattice,3. Vertical (off-site) and Slabs (lattice)
5,Kings Cross S5 East,F,11,403,1. Less than 500 m2,30/10/2021,09/11/2021,9,989,47,0.41,12,2. Between 11 and 15,34,9,15/10/2021,25/10/2021,7,58,7,1.3,1.5,1,403,2,2,2,2,1,2,Twinwalls,Precast,Delta Beams (Steel),Hollow core and lattice,Hollow core and lattice,3. Vertical (off-site) and Slabs (lattice)
5,Kings Cross S5 East,F,12,404,1. Less than 500 m2,10/11/2021,26/11/2021,14,2146,29,0.19,15,2. Between 11 and 15,27,14,26/10/2021,02/11/2021,6,67,6,1.3,1.5,1,404,2,2,2,2,1,2,Twinwalls,Precast,Delta Beams (Steel),Hollow core and lattice,Hollow core and lattice,3. Vertical (off-site) and Slabs (lattice)
5,Kings Cross S5 East,F,13,402,1. Less than 500 m2,27/11/2021,07/12/2021,8,1322,50,0.30,17,3. Between 16 and 20,24,8,03/11/2021,11/11/2021,7,57,7,1.3,1.5,1,402,2,2,2,2,1,2,Twinwalls,Precast,Delta Beams (Steel),Hollow core and lattice,Hollow core and lattice,3. Vertical (off-site) and Slabs (lattice)
5,Kings Cross S5 East,F,14,406,1. Less than 500 m2,08/12/2021,17/12/2021,9,1538,48,0.26,18,3. Between 16 and 20,23,9,12/11/2021,19/11/2021,6,68,6,1.3,1.5,1,406,2,2,2,2,1,2,Twinwalls,Precast,Delta Beams (Steel),Hollow core and lattice,Hollow core and lattice,3. Vertical (off-site) and Slabs (lattice)
5,Kings Cross S5 East,F,15,429,1. Less than 500 m2,18/12/2021,08/02/2022,32,4906,13,0.09,15,2. Between 11 and 15,29,32,20/11/2021,29/11/2021,6,71,,1.0,1.5,1,429,2,2,2,2,1,2,Twinwalls,Precast,Delta Beams (Steel),Hollow core and lattice,Hollow core and lattice,3. Vertical (off-site) and Slabs (lattice)
5,Kings Cross S5 West,G,1,680,2. Between 500 and 1000 m2,17/06/2021,27/08/2021,59,7345,12,0.09,12,2. Between 11 and 15,57,50,18/05/2021,23/06/2021,26,26,26,1.4,1.5,3,227,2,2,2,2,1,2,Twinwalls,Precast,Delta Beams (Steel),Hollow core and lattice,Hollow core and lattice,3. Vertical (off-site) and Slabs (lattice)
5,Kings Cross S5 West,G,2,680,2. Between 500 and 1000 m2,17/08/2021,13/09/2021,22,2798,32,0.24,13,2. Between 11 and 15,52,19,24/06/2021,01/07/2021,6,113,6,1.4,1.5,2,340,2,2,2,2,1,2,Twinwalls,Precast,Delta Beams (Steel),Hollow core and lattice,Hollow core and lattice,3. Vertical (off-site) and Slabs (lattice)
5,Kings Cross S5 West,G,3,670,2. Between 500 and 1000 m2,10/09/2021,22/09/2021,11,1411,64,0.47,13,2. Between 11 and 15,52,10,02/07/2021,09/07/2021,6,112,6,1.4,1.5,2,335,2,2,2,2,1,2,Twinwalls,Precast,Delta Beams (Steel),Hollow core and lattice,Hollow core and lattice,3. Vertical (off-site) and Slabs (lattice)
5,Kings Cross S5 West,G,4,675,2. Between 500 and 1000 m2,22/09/2021,11/10/2021,16,2108,44,0.32,14,2. Between 11 and 15,48,12,10/07/2021,21/07/2021,8,84,8,1.4,1.5,2,338,2,2,2,2,1,2,Twinwalls,Precast,Delta Beams (Steel),Hollow core and lattice,Hollow core and lattice,3. Vertical (off-site) and Slabs (lattice)
5,Kings Cross S5 West,G,5,322,1. Less than 500 m2,07/10/2021,18/10/2021,9,1256,36,0.26,14,2. Between 11 and 15,23,9,22/07/2021,28/07/2021,5,64,5,1.4,1.5,1,322,2,2,2,2,1,2,Twinwalls,Precast,Delta Beams (Steel),Hollow core and lattice,Hollow core and lattice,3. Vertical (off-site) and Slabs (lattice)
5,Kings Cross S5 West,G,6,323,1. Less than 500 m2,19/10/2021,01/11/2021,11,1644,29,0.20,15,2. Between 11 and 15,22,8,29/07/2021,04/08/2021,5,65,5,1.4,1.5,1,323,2,2,2,2,1,2,Twinwalls,Precast,Delta Beams (Steel),Hollow core and lattice,Hollow core and lattice,3. Vertical (off-site) and Slabs (lattice)
5,Kings Cross S5 West,G,7,322,1. Less than 500 m2,28/10/2021,04/11/2021,7,472,50,0.68,7,1. Between 5 an 10,46,7,05/08/2021,17/08/2021,9,36,9,1.2,1.5,1,322,2,2,2,2,1,2,Twinwalls,Precast,Delta Beams (Steel),Hollow core and lattice,Hollow core and lattice,3. Vertical (off-site) and Slabs (lattice)
5,Kings Cross S5 West,G,8,324,1. Less than 500 m2,05/11/2021,15/11/2021,9,1187,38,0.27,14,2. Between 11 and 15,23,9,18/08/2021,27/08/2021,8,40,8,1.2,1.5,1,324,2,2,2,2,1,2,Twinwalls,Precast,Delta Beams (Steel),Hollow core and lattice,Hollow core and lattice,3. Vertical (off-site) and Slabs (lattice)
5,Kings Cross S5 West,G,9,321,1. Less than 500 m2,16/11/2021,22/11/2021,6,800,58,0.40,15,2. Between 11 and 15,21,6,28/08/2021,09/09/2021,8,40,8,1.2,1.5,1,321,2,2,2,2,1,2,Twinwalls,Precast,Delta Beams (Steel),Hollow core and lattice,Hollow core and lattice,3. Vertical (off-site) and Slabs (lattice)
5,Kings Cross S5 West,G,10,323,1. Less than 500 m2,23/11/2021,30/11/2021,7,1094,50,0.29,17,3. Between 16 and 20,19,7,10/09/2021,20/09/2021,7,46,7,1.2,1.5,1,323,2,2,2,2,1,2,Twinwalls,Precast,Delta Beams (Steel),Hollow core and lattice,Hollow core and lattice,3. Vertical (off-site) and Slabs (lattice)
5,Kings Cross S5 West,G,11,348,1. Less than 500 m2,01/12/2021,13/01/2022,26,3866,14,0.09,15,2. Between 11 and 15,23,26,21/09/2021,30/09/2021,8,44,8,1.0,1.5,1,348,2,2,2,2,1,2,Twinwalls,Precast,Delta Beams (Steel),Hollow core and lattice,Hollow core and lattice,3. Vertical (off-site) and Slabs (lattice)
5,Kings Cross S5 West,G,12,317,1. Less than 500 m2,14/01/2022,07/02/2022,20,3162,16,0.10,16,3. Between 16 and 20,20,10,01/10/2021,12/10/2021,8,40,,1.0,1.5,1,317,2,2,2,2,1,2,Twinwalls,Precast,Delta Beams (Steel),Hollow core and lattice,Hollow core and lattice,3. Vertical (off-site) and Slabs (lattice)
6,Soho Place A,H,1,2075,5. Between 2000 and 2500 m2,29/01/2020,13/03/2020,37,8046,57,0.26,22,4. Between 21 and 25,94,16,21/02/2020,20/04/2020,40,52,25,2.0,2.0,4,519,2,0,2,0,2,0,Steel frame,Steel hollow section with concrete infill,In-situ (flat slab/part of slab pour),In-situ (post-tentioned),In-situ,2. Vertical (off-site) and Slabs (in-situ)
6,Soho Place A,H,2,2786,6. Between 2500 and 3000 m2,18/02/2020,06/06/2020,58,15497,48,0.18,27,5. Between 26 and 30,103,26,27/03/2020,09/05/2020,28,99,21,2.0,2.0,6,464,2,0,2,0,2,0,Steel frame,Steel hollow section with concrete infill,In-situ (flat slab/part of slab pour),In-situ (post-tentioned),In-situ,2. Vertical (off-site) and Slabs (in-situ)
6,Soho Place A,H,3,2776,6. Between 2500 and 3000 m2,21/03/2020,17/06/2020,40,12570,69,0.22,31,6. Between 31 and 35,90,15,29/04/2020,29/05/2020,21,132,14,2.0,2.0,6,463,0,0,2,0,2,0,Steel frame,Steel hollow section with concrete infill,In-situ (flat slab/part of slab pour),In-situ (post-tentioned),In-situ,2. Vertical (off-site) and Slabs (in-situ)
6,Soho Place A,H,4,2778,6. Between 2500 and 3000 m2,15/05/2020,04/07/2020,39,17824,71,0.16,46,8. Between 41 and 50,60,21,20/05/2020,18/06/2020,21,132,16,2.0,2.0,6,463,0,0,1,0,2,0,Steel frame,Steel hollow section with concrete infill,In-situ (flat slab/part of slab pour),In-situ (post-tentioned),In-situ,2. Vertical (off-site) and Slabs (in-situ)
6,Soho Place A,H,5,2780,6. Between 2500 and 3000 m2,12/06/2020,21/07/2020,31,17801,90,0.16,57,9. Between 51 and 62,49,17,12/06/2020,17/07/2020,26,107,15,2.0,2.0,6,463,0,0,1,0,2,0,Steel frame,Steel hollow section with concrete infill,In-situ (flat slab/part of slab pour),In-situ (post-tentioned),In-situ,2. Vertical (off-site) and Slabs (in-situ)
6,Soho Place A,H,6,2593,6. Between 2500 and 3000 m2,03/07/2020,11/08/2020,32,16249,82,0.16,52,9. Between 51 and 62,50,11,03/07/2020,06/08/2020,25,104,15,2.0,2.0,6,432,0,0,1,0,2,0,Steel frame,Steel hollow section with concrete infill,In-situ (flat slab/part of slab pour),In-situ (post-tentioned),In-situ,2. Vertical (off-site) and Slabs (in-situ)
6,Soho Place A,H,7,2274,5. Between 2000 and 2500 m2,17/07/2020,27/08/2020,34,16819,68,0.14,50,8. Between 41 and 50,45,14,24/07/2020,22/08/2020,21,108,11,2.0,2.0,6,379,0,0,1,0,2,0,Steel frame,Steel hollow section with concrete infill,In-situ (flat slab/part of slab pour),In-situ (post-tentioned),In-situ,2. Vertical (off-site) and Slabs (in-situ)
6,Soho Place A,H,8,2255,5. Between 2000 and 2500 m2,04/08/2020,12/09/2020,31,16456,74,0.14,54,9. Between 51 and 62,42,15,08/08/2020,10/09/2020,23,98,15,2.0,2.0,6,376,0,0,1,0,2,0,Steel frame,Steel hollow section with concrete infill,In-situ (flat slab/part of slab pour),In-situ (post-tentioned),In-situ,2. Vertical (off-site) and Slabs (in-situ)
6,Soho Place A,H,9,2283,5. Between 2000 and 2500 m2,22/08/2020,29/09/2020,29,15774,80,0.14,55,9. Between 51 and 62,42,15,29/08/2020,29/09/2020,21,109,14,2.0,2.0,5,457,0,0,1,0,2,0,Steel frame,Steel hollow section with concrete infill,In-situ (flat slab/part of slab pour),In-situ (post-tentioned),In-situ,2. Vertical (off-site) and Slabs (in-situ)
6,Soho Place A,H,10,1210,3. Between 1000 and 1500 m2,12/09/2020,09/10/2020,23,13781,54,0.09,61,9. Between 51 and 62,20,17,19/09/2020,27/10/2020,27,45,27,2.0,2.0,4,303,0,0,1,0,2,0,Steel frame,Steel hollow section with concrete infill,In-situ (flat slab/part of slab pour),In-situ (post-tentioned),In-situ,2. Vertical (off-site) and Slabs (in-situ)
6,Soho Place A,H,11,316,1. Less than 500 m2,03/10/2020,30/10/2020,23,14369,14,0.02,62,9. Between 51 and 62,5,23,28/10/2020,09/11/2020,9,35,,2.0,2.0,2,158,0,0,1,0,2,0,Steel frame,Steel hollow section with concrete infill,In-situ (flat slab/part of slab pour),In-situ (post-tentioned),In-situ,2. Vertical (off-site) and Slabs (in-situ)
7,Baker Street C,I,1,2481,5. Between 2000 and 2500 m2,30/01/2023,18/04/2023,60,10228,41,0.24,17,3. Between 16 and 20,146,40,20/12/2022,07/03/2023,46,54,32,2.0,2.0,4,620,,2,,,,,Twinwalls,Precast,In-situ (flat slab/part of slab pour),Lattice,Lattice,3. Vertical (off-site) and Slabs (lattice)
7,Baker Street C,I,2,2439,5. Between 2000 and 2500 m2,21/03/2023,09/05/2023,35,4045,70,0.60,12,2. Between 11 and 15,203,25,16/02/2023,27/03/2023,28,87,12,2.0,2.0,5,488,,2,,,,,Twinwalls,Precast,In-situ (flat slab/part of slab pour),Lattice,Lattice,3. Vertical (off-site) and Slabs (lattice)
7,Baker Street C,I,3,2457,5. Between 2000 and 2500 m2,25/04/2023,26/05/2023,24,6765,102,0.36,28,5. Between 26 and 30,88,13,04/03/2023,14/04/2023,28,88,14,2.0,2.0,5,491,,2,,,,,Twinwalls,Precast,In-situ (flat slab/part of slab pour),Lattice,Lattice,3. Vertical (off-site) and Slabs (lattice)
7,Baker Street C,I,4,2463,5. Between 2000 and 2500 m2,13/05/2023,13/06/2023,24,6701,105,0.37,29,5. Between 26 and 30,85,15,24/03/2023,04/05/2023,27,91,13,2.0,2.0,5,493,,2,,,,,Twinwalls,Precast,In-situ (flat slab/part of slab pour),Lattice,Lattice,3. Vertical (off-site) and Slabs (lattice)
7,Baker Street C,I,5,2458,5. Between 2000 and 2500 m2,02/06/2023,29/06/2023,22,5624,112,0.44,26,5. Between 26 and 30,95,12,14/04/2023,23/05/2023,26,95,13,2.0,2.0,5,492,,2,,,,,Twinwalls,Precast,In-situ (flat slab/part of slab pour),Lattice,Lattice,3. Vertical (off-site) and Slabs (lattice)
7,Baker Street C,I,6,2457,5. Between 2000 and 2500 m2,17/06/2023,14/07/2023,22,5827,112,0.42,26,5. Between 26 and 30,94,14,04/05/2023,12/06/2023,26,94,12,2.0,2.0,5,491,,2,,,,,Twinwalls,Precast,In-situ (flat slab/part of slab pour),Lattice,Lattice,3. Vertical (off-site) and Slabs (lattice)
7,Baker Street C,I,7,2455,5. Between 2000 and 2500 m2,05/07/2023,29/07/2023,20,5743,123,0.43,29,5. Between 26 and 30,85,11,23/05/2023,29/06/2023,27,91,13,2.0,2.0,5,491,,2,,,,,Twinwalls,Precast,In-situ (flat slab/part of slab pour),Lattice,Lattice,3. Vertical (off-site) and Slabs (lattice)
7,Baker Street C,I,8,2447,5. Between 2000 and 2500 m2,19/07/2023,21/08/2023,27,8442,92,0.29,32,6. Between 31 and 35,76,17,10/06/2023,18/07/2023,27,91,14,2.0,2.0,5,489,,2,,,,,Twinwalls,Precast,In-situ (flat slab/part of slab pour),Lattice,Lattice,3. Vertical (off-site) and Slabs (lattice)
7,Baker Street C,I,9,1793,4. Between 1500 and 2000 m2,09/08/2023,05/09/2023,21,6496,85,0.28,31,6. Between 31 and 35,58,14,30/06/2023,02/08/2023,24,75,11,1.0,2.0,4,448,,2,,,,,Twinwalls,Precast,In-situ (flat slab/part of slab pour),Lattice,Lattice,3. Vertical (off-site) and Slabs (lattice)
7,Baker Street C,I,10,1694,4. Between 1500 and 2000 m2,26/08/2023,27/10/2023,49,15860,35,0.11,33,6. Between 31 and 35,51,16,15/07/2023,21/08/2023,26,65,26,1.0,2.0,5,339,,2,,,,,Twinwalls,Precast,In-situ (flat slab/part of slab pour),Lattice,Lattice,3. Vertical (off-site) and Slabs (lattice)
7,Baker Street C,I,11,577,2. Between 500 and 1000 m2,16/09/2023,03/11/2023,39,11013,15,0.05,28,5. Between 26 and 30,21,21,22/08/2023,10/10/2023,35,16,,1.0,2.0,2,288,,2,,,,,Twinwalls,Precast,In-situ (flat slab/part of slab pour),Lattice,Lattice,3. Vertical (off-site) and Slabs (lattice)
7,Baker Street D,J,1,1433,3. Between 1000 and 1500 m2,11/11/2022,20/01/2023,45,11078,32,0.13,25,4. Between 21 and 25,57,34,20/09/2022,25/10/2022,26,55,26,1.0,1.0,2,717,,1,,,,,Twinwalls,Precast,In-situ (flat slab/part of slab pour),In-situ (post-tentioned),In-situ,2. Vertical (off-site) and Slabs (in-situ)
7,Baker Street D,J,2,932,2. Between 500 and 1000 m2,07/01/2023,04/02/2023,23,6863,41,0.14,31,6. Between 31 and 35,30,17,26/10/2022,21/11/2022,19,49,12,1.0,1.0,2,466,,1,,,,,Twinwalls,Precast,In-situ (flat slab/part of slab pour),In-situ (post-tentioned),In-situ,2. Vertical (off-site) and Slabs (in-situ)
7,Baker Street D,J,3,933,2. Between 500 and 1000 m2,28/01/2023,17/02/2023,17,3178,57,0.29,19,3. Between 16 and 20,49,11,11/11/2022,08/12/2022,20,47,13,1.0,1.0,2,466,,1,,,,,Twinwalls,Precast,In-situ (flat slab/part of slab pour),In-situ (post-tentioned),In-situ,2. Vertical (off-site) and Slabs (in-situ)
7,Baker Street D,J,4,933,2. Between 500 and 1000 m2,11/02/2023,03/03/2023,17,3157,57,0.30,19,3. Between 16 and 20,49,11,30/11/2022,09/01/2023,18,52,13,1.0,1.0,2,466,,1,,,,,Twinwalls,Precast,In-situ (flat slab/part of slab pour),In-situ (post-tentioned),In-situ,2. Vertical (off-site) and Slabs (in-situ)
7,Baker Street D,J,5,929,2. Between 500 and 1000 m2,25/02/2023,22/03/2023,20,3224,46,0.29,16,3. Between 16 and 20,58,13,17/12/2022,26/01/2023,18,52,11,1.0,1.0,2,465,,1,,,,,Twinwalls,Precast,In-situ (flat slab/part of slab pour),In-situ (post-tentioned),In-situ,2. Vertical (off-site) and Slabs (in-situ)
7,Baker Street D,J,6,791,2. Between 500 and 1000 m2,14/03/2023,06/04/2023,20,1361,41,0.58,7,1. Between 5 an 10,113,14,18/01/2023,13/02/2023,19,42,19,1.0,1.0,2,395,,1,,,,,Twinwalls,Precast,In-situ (flat slab/part of slab pour),In-situ (post-tentioned),In-situ,2. Vertical (off-site) and Slabs (in-situ)
7,Baker Street D,J,7,401,1. Less than 500 m2,31/03/2023,26/04/2023,19,2065,22,0.19,11,2. Between 11 and 15,36,19,14/02/2023,28/02/2023,11,36,,1.0,1.0,1,401,,1,,,,,Twinwalls,Precast,In-situ (flat slab/part of slab pour),In-situ (post-tentioned),In-situ,2. Vertical (off-site) and Slabs (in-situ)
8,Oxford Biochemistry,K,1,1952,4. Between 1500 and 2000 m2,19/07/2019,20/08/2019,26,5671,77,0.34,22,4. Between 21 and 25,89,18,,,,,,1.0,1.0,3,651,0,2,1,1,0,0,Twinwalls,Precast,In-situ (flat slab/part of slab pour),Lattice,Lattice,3. Vertical (off-site) and Slabs (lattice)
8,Oxford Biochemistry,K,2,2105,5. Between 2000 and 2500 m2,10/08/2019,11/09/2019,25,6044,86,0.35,25,4. Between 21 and 25,84,16,,,,,,1.0,1.0,3,702,0,2,1,1,0,0,Twinwalls,Precast,In-situ (flat slab/part of slab pour),Lattice,Lattice,3. Vertical (off-site) and Slabs (lattice)
8,Oxford Biochemistry,K,3,2251,5. Between 2000 and 2500 m2,31/08/2019,30/09/2019,24,6028,96,0.37,26,5. Between 26 and 30,87,15,,,,,,1.0,1.0,4,563,0,2,1,1,0,0,Twinwalls,Precast,In-situ (flat slab/part of slab pour),Lattice,Lattice,3. Vertical (off-site) and Slabs (lattice)
8,Oxford Biochemistry,K,4,2054,5. Between 2000 and 2500 m2,19/09/2019,22/10/2019,27,8522,78,0.24,32,6. Between 31 and 35,64,22,,,,,,1.0,1.0,2,1027,0,2,1,1,0,0,Twinwalls,Precast,In-situ (flat slab/part of slab pour),Lattice,Lattice,3. Vertical (off-site) and Slabs (lattice)
9,South Quay Plaza 1,L,1,851,2. Between 500 and 1000 m2,08/06/2017,21/09/2017,79,41499,11,0.02,53,9. Between 51 and 62,16,72,,,,,,2.0,2.0,2,426,,,,,,,In-situ,In-situ,In-situ,In-situ,In-situ,1. Vertical (in-situ) and Slabs (in-situ)
9,South Quay Plaza 1,L,2,665,2. Between 500 and 1000 m2,14/09/2017,10/10/2017,21,9887,32,0.07,47,8. Between 41 and 50,14,13,,,,,,2.0,2.0,2,333,,,,,,,In-situ,In-situ,In-situ,In-situ,In-situ,1. Vertical (in-situ) and Slabs (in-situ)
9,South Quay Plaza 1,L,3,821,2. Between 500 and 1000 m2,30/09/2017,23/10/2017,18,7004,46,0.12,39,7. Between 36 and 40,21,10,,,,,,2.0,2.0,2,410,,,,,,,In-situ,In-situ,In-situ,In-situ,In-situ,1. Vertical (in-situ) and Slabs (in-situ)
9,South Quay Plaza 1,L,4,823,2. Between 500 and 1000 m2,13/10/2017,01/11/2017,16,5617,53,0.15,36,7. Between 36 and 40,23,10,,,,,,2.0,2.0,2,411,,,,,,,In-situ,In-situ,In-situ,In-situ,In-situ,1. Vertical (in-situ) and Slabs (in-situ)
9,South Quay Plaza 1,L,5,823,2. Between 500 and 1000 m2,26/10/2017,15/11/2017,17,7109,50,0.12,43,8. Between 41 and 50,19,13,,,,,,2.0,2.0,2,411,,,,,,,In-situ,In-situ,In-situ,In-situ,In-situ,1. Vertical (in-situ) and Slabs (in-situ)
9,South Quay Plaza 1,L,6,823,2. Between 500 and 1000 m2,11/11/2017,29/11/2017,15,5376,57,0.15,37,7. Between 36 and 40,22,8,,,,,,2.0,2.0,2,411,,,,,,,In-situ,In-situ,In-situ,In-situ,In-situ,1. Vertical (in-situ) and Slabs (in-situ)
9,South Quay Plaza 1,L,7,823,2. Between 500 and 1000 m2,22/11/2017,09/12/2017,15,5425,57,0.15,37,7. Between 36 and 40,22,12,,,,,,2.0,2.0,2,411,,,,,,,In-situ,In-situ,In-situ,In-situ,In-situ,1. Vertical (in-situ) and Slabs (in-situ)
9,South Quay Plaza 1,L,8,823,2. Between 500 and 1000 m2,07/12/2017,20/12/2017,11,4136,75,0.20,38,7. Between 36 and 40,22,8,,,,,,2.0,2.0,2,411,,,,,,,In-situ,In-situ,In-situ,In-situ,In-situ,1. Vertical (in-situ) and Slabs (in-situ)
9,South Quay Plaza 1,L,9,823,2. Between 500 and 1000 m2,16/12/2017,17/01/2018,18,5957,47,0.14,34,6. Between 31 and 35,24,12,,,,,,2.0,2.0,2,411,,,,,,,In-situ,In-situ,In-situ,In-situ,In-situ,1. Vertical (in-situ) and Slabs (in-situ)
9,South Quay Plaza 1,L,10,824,2. Between 500 and 1000 m2,11/01/2018,31/01/2018,17,5775,50,0.14,35,6. Between 31 and 35,24,12,,,,,,2.0,2.0,2,412,,,,,,,In-situ,In-situ,In-situ,In-situ,In-situ,1. Vertical (in-situ) and Slabs (in-situ)
9,South Quay Plaza 1,L,11,823,2. Between 500 and 1000 m2,26/01/2018,08/02/2018,11,3245,75,0.25,29,5. Between 26 and 30,28,7,,,,,,2.0,2.0,2,412,,,,,,,In-situ,In-situ,In-situ,In-situ,In-situ,1. Vertical (in-situ) and Slabs (in-situ)
9,South Quay Plaza 1,L,12,823,2. Between 500 and 1000 m2,03/02/2018,16/02/2018,11,3186,75,0.26,29,5. Between 26 and 30,28,6,,,,,,2.0,2.0,2,412,,,,,,,In-situ,In-situ,In-situ,In-situ,In-situ,1. Vertical (in-situ) and Slabs (in-situ)
9,South Quay Plaza 1,L,13,823,2. Between 500 and 1000 m2,11/02/2018,24/02/2018,11,3360,75,0.25,31,6. Between 31 and 35,27,8,,,,,,2.0,2.0,2,412,,,,,,,In-situ,In-situ,In-situ,In-situ,In-situ,1. Vertical (in-situ) and Slabs (in-situ)
9,South Quay Plaza 1,L,14,823,2. Between 500 and 1000 m2,21/02/2018,08/03/2018,13,4580,63,0.18,35,6. Between 31 and 35,24,11,,,,,,2.0,2.0,2,412,,,,,,,In-situ,In-situ,In-situ,In-situ,In-situ,1. Vertical (in-situ) and Slabs (in-situ)
9,South Quay Plaza 1,L,15,823,2. Between 500 and 1000 m2,07/03/2018,20/03/2018,11,4149,75,0.20,38,7. Between 36 and 40,22,8,,,,,,2.0,2.0,2,411,,,,,,,In-situ,In-situ,In-situ,In-situ,In-situ,1. Vertical (in-situ) and Slabs (in-situ)
9,South Quay Plaza 1,L,16,827,2. Between 500 and 1000 m2,16/03/2018,07/04/2018,16,4951,53,0.17,32,6. Between 31 and 35,26,7,,,,,,2.0,2.0,2,414,,,,,,,In-situ,In-situ,In-situ,In-situ,In-situ,1. Vertical (in-situ) and Slabs (in-situ)
9,South Quay Plaza 1,L,17,827,2. Between 500 and 1000 m2,25/03/2018,17/04/2018,17,5143,50,0.16,31,6. Between 31 and 35,27,13,,,,,,2.0,2.0,2,414,,,,,,,In-situ,In-situ,In-situ,In-situ,In-situ,1. Vertical (in-situ) and Slabs (in-situ)
9,South Quay Plaza 1,L,18,827,2. Between 500 and 1000 m2,13/04/2018,25/04/2018,11,3606,79,0.23,34,6. Between 31 and 35,24,7,,,,,,2.0,2.0,2,414,,,,,,,In-situ,In-situ,In-situ,In-situ,In-situ,1. Vertical (in-situ) and Slabs (in-situ)
9,South Quay Plaza 1,L,19,827,2. Between 500 and 1000 m2,21/04/2018,03/05/2018,10,3430,83,0.24,34,6. Between 31 and 35,24,6,,,,,,2.0,2.0,2,414,,,,,,,In-situ,In-situ,In-situ,In-situ,In-situ,1. Vertical (in-situ) and Slabs (in-situ)
9,South Quay Plaza 1,L,20,843,2. Between 500 and 1000 m2,29/04/2018,14/05/2018,12,3855,73,0.22,34,6. Between 31 and 35,25,9,,,,,,2.0,2.0,2,421,,,,,,,In-situ,In-situ,In-situ,In-situ,In-situ,1. Vertical (in-situ) and Slabs (in-situ)
9,South Quay Plaza 1,L,21,843,2. Between 500 and 1000 m2,11/05/2018,23/05/2018,10,3889,84,0.22,39,7. Between 36 and 40,22,7,,,,,,2.0,2.0,2,421,,,,,,,In-situ,In-situ,In-situ,In-situ,In-situ,1. Vertical (in-situ) and Slabs (in-situ)
9,South Quay Plaza 1,L,22,843,2. Between 500 and 1000 m2,20/05/2018,01/06/2018,10,3031,89,0.28,32,6. Between 31 and 35,26,6,,,,,,2.0,2.0,2,421,,,,,,,In-situ,In-situ,In-situ,In-situ,In-situ,1. Vertical (in-situ) and Slabs (in-situ)
9,South Quay Plaza 1,L,23,843,2. Between 500 and 1000 m2,27/05/2018,09/06/2018,10,3730,84,0.23,37,7. Between 36 and 40,23,9,,,,,,2.0,2.0,2,421,,,,,,,In-situ,In-situ,In-situ,In-situ,In-situ,1. Vertical (in-situ) and Slabs (in-situ)
9,South Quay Plaza 1,L,24,843,2. Between 500 and 1000 m2,08/06/2018,21/06/2018,11,3945,77,0.21,36,7. Between 36 and 40,23,6,,,,,,2.0,2.0,2,421,,,,,,,In-situ,In-situ,In-situ,In-situ,In-situ,1. Vertical (in-situ) and Slabs (in-situ)
9,South Quay Plaza 1,L,25,839,2. Between 500 and 1000 m2,15/06/2018,28/06/2018,12,3316,73,0.25,29,5. Between 26 and 30,29,7,,,,,,2.0,2.0,2,420,,,,,,,In-situ,In-situ,In-situ,In-situ,In-situ,1. Vertical (in-situ) and Slabs (in-situ)
9,South Quay Plaza 1,L,26,839,2. Between 500 and 1000 m2,24/06/2018,07/07/2018,12,4183,73,0.20,36,7. Between 36 and 40,23,10,,,,,,2.0,2.0,2,420,,,,,,,In-situ,In-situ,In-situ,In-situ,In-situ,1. Vertical (in-situ) and Slabs (in-situ)
9,South Quay Plaza 1,L,27,839,2. Between 500 and 1000 m2,06/07/2018,16/07/2018,9,3020,99,0.28,36,7. Between 36 and 40,23,6,,,,,,2.0,2.0,2,420,,,,,,,In-situ,In-situ,In-situ,In-situ,In-situ,1. Vertical (in-situ) and Slabs (in-situ)
9,South Quay Plaza 1,L,28,839,2. Between 500 and 1000 m2,13/07/2018,24/07/2018,10,2880,88,0.29,30,5. Between 26 and 30,28,7,,,,,,2.0,2.0,2,420,,,,,,,In-situ,In-situ,In-situ,In-situ,In-situ,1. Vertical (in-situ) and Slabs (in-situ)
9,South Quay Plaza 1,L,29,839,2. Between 500 and 1000 m2,21/07/2018,03/08/2018,11,3052,76,0.27,28,5. Between 26 and 30,30,7,,,,,,2.0,2.0,2,420,,,,,,,In-situ,In-situ,In-situ,In-situ,In-situ,1. Vertical (in-situ) and Slabs (in-situ)
9,South Quay Plaza 1,L,30,836,2. Between 500 and 1000 m2,31/07/2018,13/08/2018,11,2984,76,0.28,27,5. Between 26 and 30,31,9,,,,,,2.0,2.0,2,418,,,,,,,In-situ,In-situ,In-situ,In-situ,In-situ,1. Vertical (in-situ) and Slabs (in-situ)
9,South Quay Plaza 1,L,31,836,2. Between 500 and 1000 m2,10/08/2018,22/08/2018,10,2986,84,0.28,30,5. Between 26 and 30,28,7,,,,,,2.0,2.0,2,418,,,,,,,In-situ,In-situ,In-situ,In-situ,In-situ,1. Vertical (in-situ) and Slabs (in-situ)
9,South Quay Plaza 1,L,32,836,2. Between 500 and 1000 m2,19/08/2018,05/09/2018,14,4365,62,0.19,32,6. Between 31 and 35,26,9,,,,,,2.0,2.0,2,418,,,,,,,In-situ,In-situ,In-situ,In-situ,In-situ,1. Vertical (in-situ) and Slabs (in-situ)
9,South Quay Plaza 1,L,33,867,2. Between 500 and 1000 m2,31/08/2018,12/09/2018,11,3282,83,0.26,31,6. Between 31 and 35,28,8,,,,,,2.0,2.0,2,433,,,,,,,In-situ,In-situ,In-situ,In-situ,In-situ,1. Vertical (in-situ) and Slabs (in-situ)
9,South Quay Plaza 1,L,34,836,2. Between 500 and 1000 m2,09/09/2018,19/09/2018,9,3022,98,0.28,36,7. Between 36 and 40,23,6,,,,,,2.0,2.0,2,418,,,,,,,In-situ,In-situ,In-situ,In-situ,In-situ,1. Vertical (in-situ) and Slabs (in-situ)
9,South Quay Plaza 1,L,35,836,2. Between 500 and 1000 m2,16/09/2018,28/09/2018,11,3804,80,0.22,36,7. Between 36 and 40,23,8,,,,,,2.0,2.0,2,418,,,,,,,In-situ,In-situ,In-situ,In-situ,In-situ,1. Vertical (in-situ) and Slabs (in-situ)
9,South Quay Plaza 1,L,36,836,2. Between 500 and 1000 m2,26/09/2018,05/10/2018,9,3021,93,0.28,34,6. Between 31 and 35,25,7,,,,,,2.0,2.0,2,418,,,,,,,In-situ,In-situ,In-situ,In-situ,In-situ,1. Vertical (in-situ) and Slabs (in-situ)
9,South Quay Plaza 1,L,37,836,2. Between 500 and 1000 m2,04/10/2018,15/10/2018,9,3181,93,0.26,35,6. Between 31 and 35,24,6,,,,,,2.0,2.0,2,418,,,,,,,In-situ,In-situ,In-situ,In-situ,In-situ,1. Vertical (in-situ) and Slabs (in-situ)
9,South Quay Plaza 1,L,38,836,2. Between 500 and 1000 m2,11/10/2018,22/10/2018,9,3210,93,0.26,36,7. Between 36 and 40,23,7,,,,,,2.0,2.0,2,418,,,,,,,In-situ,In-situ,In-situ,In-situ,In-situ,1. Vertical (in-situ) and Slabs (in-situ)
9,South Quay Plaza 1,L,39,836,2. Between 500 and 1000 m2,19/10/2018,29/10/2018,8,2917,105,0.29,36,7. Between 36 and 40,23,6,,,,,,2.0,2.0,2,418,,,,,,,In-situ,In-situ,In-situ,In-situ,In-situ,1. Vertical (in-situ) and Slabs (in-situ)
9,South Quay Plaza 1,L,40,843,2. Between 500 and 1000 m2,26/10/2018,07/11/2018,11,3187,80,0.26,30,5. Between 26 and 30,28,6,,,,,,2.0,2.0,2,421,,,,,,,In-situ,In-situ,In-situ,In-situ,In-situ,1. Vertical (in-situ) and Slabs (in-situ)
9,South Quay Plaza 1,L,41,844,2. Between 500 and 1000 m2,02/11/2018,15/11/2018,12,3293,73,0.26,29,5. Between 26 and 30,29,8,,,,,,2.0,2.0,2,422,,,,,,,In-situ,In-situ,In-situ,In-situ,In-situ,1. Vertical (in-situ) and Slabs (in-situ)
9,South Quay Plaza 1,L,42,844,2. Between 500 and 1000 m2,11/11/2018,23/11/2018,11,3311,77,0.25,30,5. Between 26 and 30,28,7,,,,,,2.0,2.0,2,422,,,,,,,In-situ,In-situ,In-situ,In-situ,In-situ,1. Vertical (in-situ) and Slabs (in-situ)
9,South Quay Plaza 1,L,43,844,2. Between 500 and 1000 m2,20/11/2018,03/12/2018,11,3290,77,0.26,30,5. Between 26 and 30,28,7,,,,,,2.0,2.0,2,422,,,,,,,In-situ,In-situ,In-situ,In-situ,In-situ,1. Vertical (in-situ) and Slabs (in-situ)
9,South Quay Plaza 1,L,44,844,2. Between 500 and 1000 m2,28/11/2018,11/12/2018,11,3466,77,0.24,32,6. Between 31 and 35,26,8,,,,,,2.0,2.0,2,422,,,,,,,In-situ,In-situ,In-situ,In-situ,In-situ,1. Vertical (in-situ) and Slabs (in-situ)
9,South Quay Plaza 1,L,45,843,2. Between 500 and 1000 m2,07/12/2018,18/12/2018,10,2920,89,0.29,31,6. Between 31 and 35,27,7,,,,,,2.0,2.0,2,422,,,,,,,In-situ,In-situ,In-situ,In-situ,In-situ,1. Vertical (in-situ) and Slabs (in-situ)
9,South Quay Plaza 1,L,46,854,2. Between 500 and 1000 m2,16/12/2018,12/01/2019,14,3789,61,0.23,27,5. Between 26 and 30,32,12,,,,,,2.0,2.0,2,427,,,,,,,In-situ,In-situ,In-situ,In-situ,In-situ,1. Vertical (in-situ) and Slabs (in-situ)
9,South Quay Plaza 1,L,47,854,2. Between 500 and 1000 m2,10/01/2019,22/01/2019,10,3368,85,0.25,34,6. Between 31 and 35,25,7,,,,,,2.0,2.0,2,427,,,,,,,In-situ,In-situ,In-situ,In-situ,In-situ,1. Vertical (in-situ) and Slabs (in-situ)
9,South Quay Plaza 1,L,48,854,2. Between 500 and 1000 m2,18/01/2019,30/01/2019,10,3137,85,0.27,31,6. Between 31 and 35,28,7,,,,,,2.0,2.0,2,427,,,,,,,In-situ,In-situ,In-situ,In-situ,In-situ,1. Vertical (in-situ) and Slabs (in-situ)
9,South Quay Plaza 1,L,49,858,2. Between 500 and 1000 m2,26/01/2019,08/02/2019,12,3222,75,0.27,28,5. Between 26 and 30,31,6,,,,,,2.0,2.0,2,429,,,,,,,In-situ,In-situ,In-situ,In-situ,In-situ,1. Vertical (in-situ) and Slabs (in-situ)
9,South Quay Plaza 1,L,50,860,2. Between 500 and 1000 m2,03/02/2019,18/02/2019,13,3832,69,0.22,31,6. Between 31 and 35,28,9,,,,,,2.0,2.0,2,430,,,,,,,In-situ,In-situ,In-situ,In-situ,In-situ,1. Vertical (in-situ) and Slabs (in-situ)
9,South Quay Plaza 1,L,51,860,2. Between 500 and 1000 m2,14/02/2019,25/02/2019,10,2879,90,0.30,30,5. Between 26 and 30,29,7,,,,,,2.0,2.0,2,430,,,,,,,In-situ,In-situ,In-situ,In-situ,In-situ,1. Vertical (in-situ) and Slabs (in-situ)
9,South Quay Plaza 1,L,52,860,2. Between 500 and 1000 m2,22/02/2019,07/03/2019,12,3557,75,0.24,31,6. Between 31 and 35,28,7,,,,,,2.0,2.0,2,430,,,,,,,In-situ,In-situ,In-situ,In-situ,In-situ,1. Vertical (in-situ) and Slabs (in-situ)
9,South Quay Plaza 1,L,53,860,2. Between 500 and 1000 m2,02/03/2019,19/03/2019,13,3470,66,0.25,27,5. Between 26 and 30,32,7,,,,,,2.0,2.0,2,430,,,,,,,In-situ,In-situ,In-situ,In-situ,In-situ,1. Vertical (in-situ) and Slabs (in-situ)
9,South Quay Plaza 1,L,54,860,2. Between 500 and 1000 m2,12/03/2019,26/03/2019,12,3129,72,0.27,26,5. Between 26 and 30,33,8,,,,,,2.0,2.0,2,430,,,,,,,In-situ,In-situ,In-situ,In-situ,In-situ,1. Vertical (in-situ) and Slabs (in-situ)
9,South Quay Plaza 1,L,55,859,2. Between 500 and 1000 m2,22/03/2019,03/04/2019,11,3244,78,0.26,29,5. Between 26 and 30,30,7,,,,,,2.0,2.0,2,429,,,,,,,In-situ,In-situ,In-situ,In-situ,In-situ,1. Vertical (in-situ) and Slabs (in-situ)
9,South Quay Plaza 1,L,56,797,2. Between 500 and 1000 m2,30/03/2019,17/04/2019,16,5485,51,0.15,35,6. Between 31 and 35,23,12,,,,,,2.0,2.0,2,399,,,,,,,In-situ,In-situ,In-situ,In-situ,In-situ,1. Vertical (in-situ) and Slabs (in-situ)
9,South Quay Plaza 1,L,57,460,1. Less than 500 m2,13/04/2019,25/04/2019,8,2316,61,0.20,31,6. Between 31 and 35,15,8,,,,,,1.0,2.0,1,460,,,,,,,In-situ,In-situ,In-situ,In-situ,In-situ,1. Vertical (in-situ) and Slabs (in-situ)
9,South Quay Plaza 1,L,58,460,1. Less than 500 m2,26/04/2019,03/05/2019,6,2203,77,0.21,37,7. Between 36 and 40,12,6,,,,,,1.0,2.0,1,460,,,,,,,In-situ,In-situ,In-situ,In-situ,In-situ,1. Vertical (in-situ) and Slabs (in-situ)
9,South Quay Plaza 1,L,59,460,1. Less than 500 m2,04/05/2019,13/05/2019,7,2335,71,0.20,36,7. Between 36 and 40,13,7,,,,,,1.0,2.0,1,460,,,,,,,In-situ,In-situ,In-situ,In-situ,In-situ,1. Vertical (in-situ) and Slabs (in-situ)
9,South Quay Plaza 1,L,60,463,1. Less than 500 m2,14/05/2019,20/05/2019,6,2219,77,0.21,37,7. Between 36 and 40,13,6,,,,,,1.0,2.0,1,463,,,,,,,In-situ,In-situ,In-situ,In-situ,In-situ,1. Vertical (in-situ) and Slabs (in-situ)
9,South Quay Plaza 1,L,61,464,1. Less than 500 m2,21/05/2019,30/05/2019,9,2668,52,0.17,30,5. Between 26 and 30,15,9,,,,,,1.0,2.0,1,464,,,,,,,In-situ,In-situ,In-situ,In-situ,In-situ,1. Vertical (in-situ) and Slabs (in-situ)
9,South Quay Plaza 1,L,62,464,1. Less than 500 m2,31/05/2019,05/06/2019,5,1700,103,0.27,38,7. Between 36 and 40,12,5,,,,,,1.0,2.0,1,464,,,,,,,In-situ,In-situ,In-situ,In-situ,In-situ,1. Vertical (in-situ) and Slabs (in-situ)
9,South Quay Plaza 1,L,63,464,1. Less than 500 m2,06/06/2019,19/06/2019,11,3671,44,0.13,35,6. Between 31 and 35,13,11,,,,,,1.0,2.0,1,464,,,,,,,In-situ,In-situ,In-situ,In-situ,In-situ,1. Vertical (in-situ) and Slabs (in-situ)
9,South Quay Plaza 1,L,64,460,1. Less than 500 m2,20/06/2019,02/07/2019,10,3271,46,0.14,33,6. Between 31 and 35,14,10,,,,,,1.0,2.0,1,460,,,,,,,In-situ,In-situ,In-situ,In-situ,In-situ,1. Vertical (in-situ) and Slabs (in-situ)
9,South Quay Plaza 1,L,65,450,1. Less than 500 m2,03/07/2019,11/07/2019,8,2478,60,0.18,33,6. Between 31 and 35,14,8,,,,,,1.0,2.0,1,450,,,,,,,In-situ,In-situ,In-situ,In-situ,In-situ,1. Vertical (in-situ) and Slabs (in-situ)
9,South Quay Plaza 1,L,66,452,1. Less than 500 m2,12/07/2019,30/07/2019,15,3655,31,0.12,25,4. Between 21 and 25,18,15,,,,,,1.0,2.0,1,452,,,,,,,In-situ,In-situ,In-situ,In-situ,In-situ,1. Vertical (in-situ) and Slabs (in-situ)
9,South Quay Plaza 1,L,67,482,1. Less than 500 m2,31/07/2019,19/08/2019,15,2684,32,0.18,18,3. Between 16 and 20,27,15,,,,,,1.0,2.0,1,482,,,,,,,In-situ,In-situ,In-situ,In-situ,In-situ,1. Vertical (in-situ) and Slabs (in-situ)
9,South Quay Plaza 1,L,68,150,1. Less than 500 m2,20/08/2019,01/11/2019,58,6714,3,0.02,12,2. Between 11 and 15,13,55,,,,,,1.0,2.0,1,150,,,,,,,In-situ,In-situ,In-situ,In-situ,In-situ,1. Vertical (in-situ) and Slabs (in-situ)
10,South Quay Plaza 4,M,1,519,2. Between 500 and 1000 m2,14/09/2020,11/11/2020,48,17265,11,0.03,36,7. Between 36 and 40,14,33,,,,,,1.0,1.0,2,259,,,,,,,In-situ,Precast,In-situ,In-situ,In-situ,1. Vertical (in-situ) and Slabs (in-situ)
10,South Quay Plaza 4,M,2,728,2. Between 500 and 1000 m2,24/10/2020,18/12/2020,44,17490,17,0.04,40,7. Between 36 and 40,18,87,,,,,,1.0,1.0,2,364,,,,,,,In-situ,Precast,In-situ,In-situ,In-situ,1. Vertical (in-situ) and Slabs (in-situ)
10,South Quay Plaza 4,M,3,711,2. Between 500 and 1000 m2,26/02/2021,22/03/2021,20,6948,36,0.10,35,6. Between 31 and 35,20,13,01/03/2021,12/03/2021,10,71,6,1.0,1.0,2,355,,,,,,,In-situ,Precast,In-situ,In-situ,In-situ,1. Vertical (in-situ) and Slabs (in-situ)
10,South Quay Plaza 4,M,4,711,2. Between 500 and 1000 m2,14/03/2021,17/04/2021,26,7190,28,0.10,28,5. Between 26 and 30,25,17,09/03/2021,22/03/2021,10,71,7,1.0,1.0,2,356,,,,,,,In-situ,Precast,In-situ,In-situ,In-situ,1. Vertical (in-situ) and Slabs (in-situ)
10,South Quay Plaza 4,M,5,712,2. Between 500 and 1000 m2,07/04/2021,29/04/2021,19,5107,39,0.14,28,5. Between 26 and 30,25,14,18/03/2021,31/03/2021,10,71,7,1.0,1.0,2,356,,,,,,,In-situ,Precast,In-situ,In-situ,In-situ,1. Vertical (in-situ) and Slabs (in-situ)
10,South Quay Plaza 4,M,6,712,2. Between 500 and 1000 m2,24/04/2021,13/05/2021,15,4012,49,0.18,28,5. Between 26 and 30,25,10,27/03/2021,12/04/2021,9,79,5,1.0,1.0,2,356,,,,,,,In-situ,Precast,In-situ,In-situ,In-situ,1. Vertical (in-situ) and Slabs (in-situ)
10,South Quay Plaza 4,M,7,712,2. Between 500 and 1000 m2,08/05/2021,21/05/2021,12,2838,62,0.25,25,4. Between 21 and 25,28,8,07/04/2021,19/04/2021,9,79,7,1.0,1.0,2,356,,,,,,,In-situ,Precast,In-situ,In-situ,In-situ,1. Vertical (in-situ) and Slabs (in-situ)
10,South Quay Plaza 4,M,8,712,2. Between 500 and 1000 m2,18/05/2021,02/06/2021,12,3586,59,0.20,30,5. Between 26 and 30,24,8,16/04/2021,27/04/2021,8,89,6,1.0,1.0,2,356,,,,,,,In-situ,Precast,In-situ,In-situ,In-situ,1. Vertical (in-situ) and Slabs (in-situ)
10,South Quay Plaza 4,M,9,712,2. Between 500 and 1000 m2,27/05/2021,12/06/2021,13,4324,57,0.16,35,6. Between 31 and 35,20,10,24/04/2021,06/05/2021,8,89,6,1.0,1.0,2,356,,,,,,,In-situ,Precast,In-situ,In-situ,In-situ,1. Vertical (in-situ) and Slabs (in-situ)
10,South Quay Plaza 4,M,10,712,2. Between 500 and 1000 m2,10/06/2021,24/06/2021,12,3854,59,0.18,32,6. Between 31 and 35,22,7,05/05/2021,13/05/2021,7,102,5,1.0,1.0,2,356,,,,,,,In-situ,Precast,In-situ,In-situ,In-situ,1. Vertical (in-situ) and Slabs (in-situ)
10,South Quay Plaza 4,M,11,711,2. Between 500 and 1000 m2,18/06/2021,02/07/2021,12,3757,59,0.19,31,6. Between 31 and 35,23,8,12/05/2021,24/05/2021,9,79,7,1.0,1.0,2,356,,,,,,,In-situ,Precast,In-situ,In-situ,In-situ,1. Vertical (in-situ) and Slabs (in-situ)
10,South Quay Plaza 4,M,12,711,2. Between 500 and 1000 m2,29/06/2021,10/07/2021,10,3528,71,0.20,35,6. Between 31 and 35,20,7,21/05/2021,01/06/2021,7,102,5,1.0,1.0,2,356,,,,,,,In-situ,Precast,In-situ,In-situ,In-situ,1. Vertical (in-situ) and Slabs (in-situ)
10,South Quay Plaza 4,M,13,711,2. Between 500 and 1000 m2,07/07/2021,17/07/2021,9,3216,79,0.22,36,7. Between 36 and 40,20,7,28/05/2021,11/06/2021,10,71,8,1.0,1.0,2,356,,,,,,,In-situ,Precast,In-situ,In-situ,In-situ,1. Vertical (in-situ) and Slabs (in-situ)
10,South Quay Plaza 4,M,14,711,2. Between 500 and 1000 m2,15/07/2021,29/07/2021,13,4326,57,0.16,35,6. Between 31 and 35,20,8,10/06/2021,21/06/2021,8,89,6,1.0,1.0,2,356,,,,,,,In-situ,Precast,In-situ,In-situ,In-situ,1. Vertical (in-situ) and Slabs (in-situ)
10,South Quay Plaza 4,M,15,712,2. Between 500 and 1000 m2,24/07/2021,09/08/2021,13,3711,57,0.19,30,5. Between 26 and 30,24,8,18/06/2021,29/06/2021,8,89,6,1.0,1.0,2,356,,,,,,,In-situ,Precast,In-situ,In-situ,In-situ,1. Vertical (in-situ) and Slabs (in-situ)
10,South Quay Plaza 4,M,16,710,2. Between 500 and 1000 m2,04/08/2021,17/08/2021,11,3293,65,0.22,30,5. Between 26 and 30,24,8,26/06/2021,06/07/2021,7,101,5,1.0,1.0,2,355,,,,,,,In-situ,Precast,In-situ,In-situ,In-situ,1. Vertical (in-situ) and Slabs (in-situ)
10,South Quay Plaza 4,M,17,710,2. Between 500 and 1000 m2,13/08/2021,02/09/2021,15,5483,47,0.13,37,7. Between 36 and 40,19,11,03/07/2021,16/07/2021,10,71,7,1.0,1.0,2,355,,,,,,,In-situ,Precast,In-situ,In-situ,In-situ,1. Vertical (in-situ) and Slabs (in-situ)
10,South Quay Plaza 4,M,18,720,2. Between 500 and 1000 m2,27/08/2021,15/09/2021,14,5301,51,0.14,38,7. Between 36 and 40,19,10,14/07/2021,23/07/2021,8,90,12,1.0,1.0,2,360,,,,,,,In-situ,Precast,In-situ,In-situ,In-situ,1. Vertical (in-situ) and Slabs (in-situ)
10,South Quay Plaza 4,M,19,1004,3. Between 1000 and 1500 m2,10/09/2021,21/10/2021,34,14768,30,0.07,44,8. Between 41 and 50,23,26,30/07/2021,17/08/2021,13,77,9,1.0,1.0,4,251,,,,,,,In-situ,Precast,In-situ,In-situ,In-situ,1. Vertical (in-situ) and Slabs (in-situ)
10,South Quay Plaza 4,M,20,720,2. Between 500 and 1000 m2,13/10/2021,05/11/2021,20,7590,36,0.09,38,7. Between 36 and 40,19,17,12/08/2021,25/08/2021,10,72,6,1.0,1.0,2,360,,,,,,,In-situ,Precast,In-situ,In-situ,In-situ,1. Vertical (in-situ) and Slabs (in-situ)
10,South Quay Plaza 4,M,21,720,2. Between 500 and 1000 m2,03/11/2021,16/11/2021,11,4386,65,0.16,40,7. Between 36 and 40,18,9,20/08/2021,02/09/2021,9,80,6,1.0,1.0,2,360,,,,,,,In-situ,Precast,In-situ,In-situ,In-situ,1. Vertical (in-situ) and Slabs (in-situ)
10,South Quay Plaza 4,M,22,720,2. Between 500 and 1000 m2,13/11/2021,24/11/2021,9,3463,80,0.21,38,7. Between 36 and 40,19,6,28/08/2021,10/09/2021,9,80,5,1.0,1.0,2,360,,,,,,,In-situ,Precast,In-situ,In-situ,In-situ,1. Vertical (in-situ) and Slabs (in-situ)
10,South Quay Plaza 4,M,23,720,2. Between 500 and 1000 m2,21/11/2021,02/12/2021,10,3450,76,0.21,36,7. Between 36 and 40,20,7,07/09/2021,17/09/2021,9,80,7,1.0,1.0,2,360,,,,,,,In-situ,Precast,In-situ,In-situ,In-situ,1. Vertical (in-situ) and Slabs (in-situ)
10,South Quay Plaza 4,M,24,718,2. Between 500 and 1000 m2,30/11/2021,10/12/2021,10,3253,76,0.22,34,6. Between 31 and 35,21,6,16/09/2021,27/09/2021,8,90,6,1.0,1.0,2,359,,,,,,,In-situ,Precast,In-situ,In-situ,In-situ,1. Vertical (in-situ) and Slabs (in-situ)
10,South Quay Plaza 4,M,25,720,2. Between 500 and 1000 m2,07/12/2021,20/12/2021,11,3890,65,0.18,35,6. Between 31 and 35,21,9,24/09/2021,05/10/2021,8,90,6,1.0,1.0,2,360,,,,,,,In-situ,Precast,In-situ,In-situ,In-situ,1. Vertical (in-situ) and Slabs (in-situ)
10,South Quay Plaza 4,M,26,720,2. Between 500 and 1000 m2,17/12/2021,10/01/2022,10,2573,72,0.28,26,5. Between 26 and 30,28,7,02/10/2021,14/10/2021,9,80,6,1.0,1.0,2,360,,,,,,,In-situ,Precast,In-situ,In-situ,In-situ,1. Vertical (in-situ) and Slabs (in-situ)
10,South Quay Plaza 4,M,27,718,2. Between 500 and 1000 m2,06/01/2022,20/01/2022,13,4174,57,0.17,33,6. Between 31 and 35,22,10,12/10/2021,28/10/2021,13,55,10,1.0,1.0,2,359,,,,,,,In-situ,Precast,In-situ,In-situ,In-situ,1. Vertical (in-situ) and Slabs (in-situ)
10,South Quay Plaza 4,M,28,720,2. Between 500 and 1000 m2,18/01/2022,28/01/2022,10,3369,76,0.21,35,6. Between 31 and 35,21,7,26/10/2021,05/11/2021,9,80,6,1.0,1.0,2,360,,,,,,,In-situ,Precast,In-situ,In-situ,In-situ,1. Vertical (in-situ) and Slabs (in-situ)
10,South Quay Plaza 4,M,29,718,2. Between 500 and 1000 m2,26/01/2022,07/02/2022,10,4003,72,0.18,40,7. Between 36 and 40,18,8,03/11/2021,16/11/2021,10,72,8,1.0,1.0,2,359,,,,,,,In-situ,Precast,In-situ,In-situ,In-situ,1. Vertical (in-situ) and Slabs (in-situ)
10,South Quay Plaza 4,M,30,720,2. Between 500 and 1000 m2,04/02/2022,14/02/2022,8,3012,90,0.24,38,7. Between 36 and 40,19,6,13/11/2021,25/11/2021,9,80,6,1.0,1.0,2,360,,,,,,,In-situ,Precast,In-situ,In-situ,In-situ,1. Vertical (in-situ) and Slabs (in-situ)
10,South Quay Plaza 4,M,31,718,2. Between 500 and 1000 m2,11/02/2022,01/03/2022,14,5497,51,0.13,39,7. Between 36 and 40,18,12,23/11/2021,06/12/2021,10,72,8,1.0,1.0,2,359,,,,,,,In-situ,Precast,In-situ,In-situ,In-situ,1. Vertical (in-situ) and Slabs (in-situ)
10,South Quay Plaza 4,M,32,720,2. Between 500 and 1000 m2,26/02/2022,09/03/2022,9,3457,80,0.21,38,7. Between 36 and 40,19,7,03/12/2021,14/12/2021,8,90,6,1.0,1.0,2,360,,,,,,,In-situ,Precast,In-situ,In-situ,In-situ,1. Vertical (in-situ) and Slabs (in-situ)
10,South Quay Plaza 4,M,33,720,2. Between 500 and 1000 m2,08/03/2022,17/03/2022,9,3595,85,0.20,42,8. Between 41 and 50,17,7,11/12/2021,24/12/2021,5,144,5,1.0,1.0,2,360,,,,,,,In-situ,Precast,In-situ,In-situ,In-situ,1. Vertical (in-situ) and Slabs (in-situ)
10,South Quay Plaza 4,M,34,720,2. Between 500 and 1000 m2,16/03/2022,24/03/2022,8,2904,96,0.25,39,7. Between 36 and 40,18,6,22/12/2021,11/01/2022,6,120,4,1.0,1.0,2,360,,,,,,,In-situ,Precast,In-situ,In-situ,In-situ,1. Vertical (in-situ) and Slabs (in-situ)
10,South Quay Plaza 4,M,35,720,2. Between 500 and 1000 m2,23/03/2022,04/04/2022,11,3882,69,0.19,37,7. Between 36 and 40,19,8,08/01/2022,25/01/2022,12,60,10,1.0,1.0,2,360,,,,,,,In-situ,Precast,In-situ,In-situ,In-situ,1. Vertical (in-situ) and Slabs (in-situ)
10,South Quay Plaza 4,M,36,720,2. Between 500 and 1000 m2,01/04/2022,13/04/2022,10,3734,72,0.19,37,7. Between 36 and 40,19,7,22/01/2022,03/02/2022,9,80,6,1.0,1.0,2,360,,,,,,,In-situ,Precast,In-situ,In-situ,In-situ,1. Vertical (in-situ) and Slabs (in-situ)
10,South Quay Plaza 4,M,37,727,2. Between 500 and 1000 m2,10/04/2022,30/04/2022,14,5064,52,0.14,36,7. Between 36 and 40,20,9,01/02/2022,14/02/2022,10,73,14,1.0,1.0,2,363,,,,,,,In-situ,Precast,In-situ,In-situ,In-situ,1. Vertical (in-situ) and Slabs (in-situ)
10,South Quay Plaza 4,M,38,974,2. Between 500 and 1000 m2,24/04/2022,28/05/2022,27,11555,37,0.08,44,8. Between 41 and 50,22,21,19/02/2022,11/03/2022,15,65,10,1.0,1.0,4,243,,,,,,,In-situ,Precast,In-situ,In-situ,In-situ,1. Vertical (in-situ) and Slabs (in-situ)
10,South Quay Plaza 4,M,39,729,2. Between 500 and 1000 m2,22/05/2022,11/06/2022,14,4942,52,0.15,35,6. Between 31 and 35,21,11,05/03/2022,18/03/2022,10,73,6,1.0,1.0,2,364,,,,,,,In-situ,Precast,In-situ,In-situ,In-situ,1. Vertical (in-situ) and Slabs (in-situ)
10,South Quay Plaza 4,M,40,729,2. Between 500 and 1000 m2,08/06/2022,21/06/2022,12,4143,63,0.18,36,7. Between 36 and 40,20,7,15/03/2022,25/03/2022,9,81,6,1.0,1.0,2,364,,,,,,,In-situ,Precast,In-situ,In-situ,In-situ,1. Vertical (in-situ) and Slabs (in-situ)
10,South Quay Plaza 4,M,41,729,2. Between 500 and 1000 m2,16/06/2022,29/06/2022,12,4063,63,0.18,35,6. Between 31 and 35,21,8,23/03/2022,04/04/2022,9,81,7,1.0,1.0,2,365,,,,,,,In-situ,Precast,In-situ,In-situ,In-situ,1. Vertical (in-situ) and Slabs (in-situ)
10,South Quay Plaza 4,M,42,729,2. Between 500 and 1000 m2,25/06/2022,08/07/2022,11,4215,66,0.17,38,7. Between 36 and 40,19,8,01/04/2022,12/04/2022,8,91,6,1.0,1.0,2,365,,,,,,,In-situ,Precast,In-situ,In-situ,In-situ,1. Vertical (in-situ) and Slabs (in-situ)
10,South Quay Plaza 4,M,43,729,2. Between 500 and 1000 m2,06/07/2022,16/07/2022,10,3172,77,0.23,33,6. Between 31 and 35,22,7,09/04/2022,21/04/2022,7,104,5,1.0,1.0,2,365,,,,,,,In-situ,Precast,In-situ,In-situ,In-situ,1. Vertical (in-situ) and Slabs (in-situ)
10,South Quay Plaza 4,M,44,729,2. Between 500 and 1000 m2,14/07/2022,30/07/2022,13,4669,56,0.16,36,7. Between 36 and 40,20,10,20/04/2022,29/04/2022,8,91,6,1.0,1.0,2,365,,,,,,,In-situ,Precast,In-situ,In-situ,In-situ,1. Vertical (in-situ) and Slabs (in-situ)
10,South Quay Plaza 4,M,45,728,2. Between 500 and 1000 m2,27/07/2022,12/08/2022,15,4305,50,0.17,30,5. Between 26 and 30,24,9,28/04/2022,09/05/2022,7,104,5,1.0,1.0,2,364,,,,,,,In-situ,Precast,In-situ,In-situ,In-situ,1. Vertical (in-situ) and Slabs (in-situ)
10,South Quay Plaza 4,M,46,729,2. Between 500 and 1000 m2,06/08/2022,22/08/2022,13,3703,58,0.20,30,5. Between 26 and 30,24,10,06/05/2022,17/05/2022,8,91,6,1.0,1.0,2,365,,,,,,,In-situ,Precast,In-situ,In-situ,In-situ,1. Vertical (in-situ) and Slabs (in-situ)
10,South Quay Plaza 4,M,47,729,2. Between 500 and 1000 m2,19/08/2022,31/08/2022,9,3124,81,0.23,35,6. Between 31 and 35,21,7,14/05/2022,24/05/2022,7,104,5,1.0,1.0,2,365,,,,,,,In-situ,Precast,In-situ,In-situ,In-situ,1. Vertical (in-situ) and Slabs (in-situ)
10,South Quay Plaza 4,M,48,728,2. Between 500 and 1000 m2,27/08/2022,08/09/2022,9,3469,81,0.21,39,7. Between 36 and 40,19,7,21/05/2022,02/06/2022,8,91,7,1.0,1.0,2,364,,,,,,,In-situ,Precast,In-situ,In-situ,In-situ,1. Vertical (in-situ) and Slabs (in-situ)
10,South Quay Plaza 4,M,49,729,2. Between 500 and 1000 m2,07/09/2022,20/09/2022,11,3891,69,0.19,37,7. Between 36 and 40,20,8,01/06/2022,13/06/2022,7,104,5,1.0,1.0,2,365,,,,,,,In-situ,Precast,In-situ,In-situ,In-situ,1. Vertical (in-situ) and Slabs (in-situ)
10,South Quay Plaza 4,M,50,728,2. Between 500 and 1000 m2,16/09/2022,28/09/2022,9,3142,81,0.23,35,6. Between 31 and 35,21,7,10/06/2022,21/06/2022,8,91,6,1.0,1.0,2,364,,,,,,,In-situ,Precast,In-situ,In-situ,In-situ,1. Vertical (in-situ) and Slabs (in-situ)
10,South Quay Plaza 4,M,51,727,2. Between 500 and 1000 m2,27/09/2022,10/10/2022,12,4309,63,0.17,37,7. Between 36 and 40,20,9,18/06/2022,28/06/2022,7,104,5,1.0,1.0,2,364,,,,,,,In-situ,Precast,In-situ,In-situ,In-situ,1. Vertical (in-situ) and Slabs (in-situ)
10,South Quay Plaza 4,M,52,723,2. Between 500 and 1000 m2,07/10/2022,15/10/2022,8,2566,96,0.28,34,6. Between 31 and 35,21,6,25/06/2022,06/07/2022,8,90,6,1.0,1.0,2,361,,,,,,,In-situ,Precast,In-situ,In-situ,In-situ,1. Vertical (in-situ) and Slabs (in-situ)
10,South Quay Plaza 4,M,53,722,2. Between 500 and 1000 m2,14/10/2022,15/11/2022,26,8465,28,0.09,33,6. Between 31 and 35,22,15,05/07/2022,19/07/2022,11,66,7,1.0,1.0,2,361,,,,,,,In-situ,Precast,In-situ,In-situ,In-situ,1. Vertical (in-situ) and Slabs (in-situ)
10,South Quay Plaza 4,M,54,474,1. Less than 500 m2,02/11/2022,07/12/2022,28,5282,17,0.09,19,3. Between 16 and 20,25,16,14/07/2022,27/07/2022,10,47,6,1.0,1.0,2,237,,,,,,,In-situ,Precast,In-situ,In-situ,In-situ,1. Vertical (in-situ) and Slabs (in-situ)
10,South Quay Plaza 4,M,55,407,1. Less than 500 m2,23/11/2022,23/01/2023,35,6763,12,0.06,20,3. Between 16 and 20,20,35,22/07/2022,03/08/2022,9,45,5,1.0,1.0,2,204,,,,,,,In-situ,Precast,In-situ,In-situ,In-situ,1. Vertical (in-situ) and Slabs (in-situ)
10,South Quay Plaza 4,M,56,206,1. Less than 500 m2,24/01/2023,17/02/2023,21,4275,10,0.05,20,3. Between 16 and 20,10,21,29/07/2022,26/08/2022,21,10,,1.0,1.0,1,206,,,,,,,In-situ,Precast,In-situ,In-situ,In-situ,1. Vertical (in-situ) and Slabs (in-situ)
11,Oxford Humanities,N,1,4089,7. More than 4000 m2,17/10/2023,02/02/2024,81,17558,51,0.23,22,4. Between 21 and 25,186,47,,,,,,2.0,2.0,5,818,,2,,,,,Twinwalls,Precast,In-situ (flat slab/part of slab pour),Lattice,Lattice,3. Vertical (off-site) and Slabs (lattice)
11,Oxford Humanities,N,2,4749,7. More than 4000 m2,15/12/2023,15/03/2024,67,15467,71,0.31,23,4. Between 21 and 25,206,37,,,,,,2.0,2.0,5,950,,2,,,,,Twinwalls,Precast,In-situ (flat slab/part of slab pour),Lattice,Lattice,3. Vertical (off-site) and Slabs (lattice)
11,Oxford Humanities,N,3,4530,7. More than 4000 m2,08/02/2024,10/04/2024,47,12267,96,0.37,26,5. Between 26 and 30,174,13,,,,,,2.0,2.0,5,906,,2,,,,,Twinwalls,Precast,In-situ (flat slab/part of slab pour),Lattice,Lattice,3. Vertical (off-site) and Slabs (lattice)
11,Oxford Humanities,N,4,4632,7. More than 4000 m2,24/02/2024,30/04/2024,50,18566,94,0.25,38,7. Between 36 and 40,122,22,,,,,,2.0,2.0,5,926,,2,,,,,Twinwalls,Precast,In-situ (flat slab/part of slab pour),Lattice,Lattice,3. Vertical (off-site) and Slabs (lattice)
13,Olympia Emberton House,P,1,2492,5. Between 2000 and 2500 m2,06/02/2023,20/05/2023,86,14665,29,0.17,17,3. Between 16 and 20,147,49,,,,,,2.0,2.0,3,831,1,1,1,2,1,1,Twinwalls,Precast,In-situ (flat slab/part of slab pour),In-situ (post-tentioned),In-situ,2. Vertical (off-site) and Slabs (in-situ)
13,Olympia Emberton House,P,2,2249,5. Between 2000 and 2500 m2,04/04/2023,14/06/2023,57,10480,39,0.21,18,3. Between 16 and 20,125,31,,,,,,2.0,2.0,3,750,1,1,1,2,1,1,Twinwalls,Precast,In-situ (flat slab/part of slab pour),In-situ (post-tentioned),In-situ,2. Vertical (off-site) and Slabs (in-situ)
13,Olympia Emberton House,P,3,2248,5. Between 2000 and 2500 m2,14/05/2023,05/07/2023,44,10419,51,0.22,24,4. Between 21 and 25,94,18,,,,,,2.0,2.0,3,749,1,1,1,2,1,1,Twinwalls,Precast,In-situ (flat slab/part of slab pour),In-situ (post-tentioned),In-situ,2. Vertical (off-site) and Slabs (in-situ)
13,Olympia Emberton House,P,4,2247,5. Between 2000 and 2500 m2,06/06/2023,27/07/2023,45,11950,50,0.19,27,5. Between 26 and 30,83,20,,,,,,2.0,2.0,3,749,1,1,1,2,1,1,Twinwalls,Precast,In-situ (flat slab/part of slab pour),In-situ (post-tentioned),In-situ,2. Vertical (off-site) and Slabs (in-situ)
13,Olympia Emberton House,P,5,2359,5. Between 2000 and 2500 m2,29/06/2023,21/08/2023,45,12373,52,0.19,27,5. Between 26 and 30,87,19,,,,,,2.0,2.0,3,786,1,1,1,2,1,1,Twinwalls,Precast,In-situ (flat slab/part of slab pour),In-situ (post-tentioned),In-situ,2. Vertical (off-site) and Slabs (in-situ)
13,Olympia Emberton House,P,6,1759,4. Between 1500 and 2000 m2,21/07/2023,10/10/2023,67,18447,26,0.10,28,5. Between 26 and 30,63,31,,,,,,2.0,2.0,3,586,1,1,1,2,1,1,Twinwalls,Precast,In-situ (flat slab/part of slab pour),In-situ (post-tentioned),In-situ,2. Vertical (off-site) and Slabs (in-situ)
13,Olympia Emberton House,P,7,1529,4. Between 1500 and 2000 m2,27/08/2023,03/11/2023,58,15094,27,0.10,26,5. Between 26 and 30,59,23,,,,,,1.6,2.0,3,510,1,1,1,2,1,1,Twinwalls,Precast,In-situ (flat slab/part of slab pour),In-situ (post-tentioned),In-situ,2. Vertical (off-site) and Slabs (in-situ)
13,Olympia Emberton House,P,8,1707,4. Between 1500 and 2000 m2,23/09/2023,20/11/2023,49,16213,35,0.11,33,6. Between 31 and 35,52,31,,,,,,1.6,2.0,3,569,1,1,1,2,1,1,Twinwalls,Precast,In-situ (flat slab/part of slab pour),In-situ (post-tentioned),In-situ,2. Vertical (off-site) and Slabs (in-situ)
